group,tail,type,hex,operator,onMap?,callsign,radio callsign,year,details,parking spot,Notes,media,additional media,Bot Description
Police,N911DC,AS50,AC9AB0,DC Metro Police,TRUE,Falcon 1,Falcon 1,2001,Eurocopter AS350 B3,DCA,,https://twitter.com/1crazyarchitect/status/1337850750844739588,https://flightaware.com/photos/view/269247-83ec2c0c8f0ff0a57a92e54813dd143f417bc32d/aircrafttype/AS35,
Police,N911AS,AS50,AC9A73,DC Metro Police,TRUE,Falcon 2,Falcon 2,2006,Eurocopter AS350 B3,DCA,,https://twitter.com/districtheli/status/1383476334513430539/photo/1,,
Police,N11PP,B412,A02B2D,US Park Police,TRUE,Eagle 1,Eagle 1,2003,Bell 412EP,Eagles Nest,,https://twitter.com/1crazyarchitect/status/1365749111505506306/photo/1,https://flightaware.com/photos/view/397255-086e025b237ef6a66f6378828b1e13aa987bef90/aircrafttype/B412,Park Police Helicopter
Police,N22PP,B412,A1DFFB,US Park Police,TRUE,Eagle 2,Eagle 2,1998,Bell 412EP,Eagles Nest,,https://twitter.com/holy_itsViper/status/1369319522784714753/photo/1,https://twitter.com/1crazyarchitect/status/1376932008291676168/photo/1,Park Police Helicopter
Police,N33PP,B06,A394C9,US Park Police,TRUE,Eagle 3,Eagle 3,1983,Bell 206-L-3,Eagles Nest,,https://twitter.com/districtheli/status/1383911905249484801/photo/2,,Park Police Helicopter
Police,N381MD,A139,A46018,MD State Police,TRUE,,,2012,AgustaWestland 139,"Frederick Municipal Airport, MD",,https://twitter.com/holy_itsViper/status/1369392758037811201/photo/1,,
Police,N382MD,A139,A463CF,MD State Police,TRUE,,,,Maryland Police Helicopter,,,https://helicoptersofdc.com/helicopters/99-maryland-state-police/,,
Police,N383MD,A139,A46786,MD State Police,TRUE,,,,Maryland Police Helicopter,,,https://helicoptersofdc.com/helicopters/99-maryland-state-police/,,
Police,N384MD,A139,A46B3D,MD State Police,TRUE,,,,Maryland Police Helicopter,,,https://helicoptersofdc.com/helicopters/99-maryland-state-police/,,
Police,N385MD,A139,A46EF4,MD State Police,TRUE,,,,,,,,,
Police,N386MD,A139,A472AB,MD State Police,TRUE,,,2013,AgustaWestland 139,"Martin State Airport, MD",,https://flightaware.com/photos/view/2921352-1b35d9024bb7d29183ada677284387158f5dcc05/aircrafttype/A139,,
Police,N388MD,A139,A47A19,MD State Police,TRUE,,,,Maryland Police Helicopter,,,Maryland Police Helicopter,,
Police,N389MD,A139,A47DD0,MD State Police,TRUE,,,2013,AgustaWestland 139,"Salisbury Rgnl Airport, MD",,https://twitter.com/fergindc/status/1380977918113947654/photo/1,,
Police,N390MD,A139,A483E0,MD State Police,TRUE,,,2014,AgustaWestland 139,"Martin State Airport, MD",,https://twitter.com/holy_itsViper/status/1370811840758956035,,
Police,,,,,,TRP1,Trooper 1,,,,,,,
Police,,,,,,TRP2,Trooper 2,,looks like its the trooper call signs which are connected to the airports,,,,,
Police,,,,,,TRP3,Trooper 3,,so we should move the above airports over to here,,,,,
Police,,,,,,TRP7,Trooper 4,,,,,,,
Police,,,,,,TRP5,Trooper 5,,,,,,,
Police,,,,,,TRP6,Trooper 6,,,,,,,
Police,,,,,,TRP7,Trooper 7,,,,,,,
Police,,,,,,TRP8,Trooper 8,,,,typically maintenance flights,,,
Police,N911PG,MD52,AC9BAE,PG County Police,TRUE,GARDN1,Guardian 1,2000,MD Heli 520N,"College Park, MD",,,,
Police,N912PG,MD52,AC9F65,PG County Police,TRUE,GARDN2,Guardian 2,2007,MD Heli 520N,"College Park, MD",,https://twitter.com/holy_itsViper/status/1369380414339579915/photo/1,,
Police,N913PG,MD52,ACA31C,PG County Police,TRUE,GARDN3,Guardian 3,2008,MD Heli 520N,"College Park, MD",,https://twitter.com/1crazyarchitect/status/1351270442745683972/photo/1,,
Police,N910PG,MD52,AC97F7,PG County Police,TRUE,GARDN4,Guardian 4,2000,MD Heli 520N,"College Park, MD",,,,
Police,N211FX,B429,A1BDCC,Fairfax County Police,TRUE,,,2010,Bell 429,Manassas Regional Airport,,https://twitter.com/markwclancy/status/1371590695555891205/photo/1,,Fairfax County Police Helicopter
Police,N212FX,B429,A1C183,Fairfax County Police,TRUE,,,2011,Bell 429,Manassas Regional Airport,,https://twitter.com/samuelcrees/status/1384544223437987850/photo/1,,Fairfax County Police Helicopter
Police,N804CP,AS50,AAF0F9,Baltimore County Police,TRUE,,,2006,Eurocopter AS350 B3,"Martin State Airport, MD",,,,
Police,N453F,EC20,A57DBE,Baltimore City Police,TRUE,,,2011,Eurocopter EC120B,"Martin State Airport, MD",,,,
Police,N309LW,B407,A341D0,Anne Arundel County Police,TRUE,,,2003,Bell 407,,looks like sold in 2021,,,
Police,N911AP,B407,A341D0,Anne Arundel County Police,TRUE,,,2003,Bell 407Gxi,"Fort Meade, MD",,,,
Police,N3NJ,A139,A31BD5,New Jersey State Police ,TRUE,,,,,Trenton Mercer Airport,,,,
Police,N1SP,B429,A001A0,Delaware State Police,TRUE,,,,,,,,,
Police,N454F,EC20,A58175,Baltimore Police Helicopter,TRUE,,,,,,,,,
Medical,N135MH,EC35,A08EDF,WHC: MedStar,TRUE,,,2000,Eurocopter EC135-T1,Washington Hospital Center,,https://twitter.com/april_brady/status/1384257890479841292,https://flightaware.com/photos/view/355503-243038b9538231cb57935a88889beea2b31c528c/aircrafttype/CPTR,
Medical,N138MH,EC35,A09A04,TIAA: MedStar,TRUE,MedStar2,MedStar 2,2005,Eurocopter EC135-T2+,,,https://twitter.com/markwclancy/status/1362164122897559558/photo/1,https://flightaware.com/photos/view/284228-12ab3b7880fa83b992bb675381002088bd8b9195/aircrafttype/EC35,
Medical,N143MH,EC35,A0AEF0,Metro Aviation: MedStar,TRUE,,,2007,Eurocopter EC135-P2+,"Fort Meade, MD",,https://twitter.com/april_brady/status/1382357438683348992,https://flightaware.com/photos/view/6961324-d76b02608f55b9fa4796a59eb9a84528fba2d8d7/aircrafttype/H135,
Medical,N740MH,EC35,A9F3A5,TIAA: MedStar,TRUE,,,2008,Eurocopter EC135-T2+,,,https://twitter.com/holy_itsViper/status/1373773294902640641,,
Medical,N302PH,EC35,A3280D,PHI Health: Inova AirCare,TRUE,,,2004,Eurocopter EC135-P2,,,https://twitter.com/markwclancy/status/1332450739910799361,https://flightaware.com/photos/view/12054605-29147668215a8afcd275b4b8377a9f83d3040f97/aircrafttype/EC35,
Medical,N303PH,EC35,A32BC4,PHI Health,TRUE,,,2004,Eurocopter EC135-P2,,,https://twitter.com/JorgensenDC/status/1346859628559265802,https://flightaware.com/photos/view/3480174-5755b49a98aee9bedc9cac38726ecdd65aa994ce/aircrafttype/EC35,@PHIAirMed Helicopter
Medical,N305PH,EC35,A33332,PHI Health,TRUE,,,2005,Eurocopter EC135-P2,,,,https://flightaware.com/photos/view/12232776-e2cc6f5070d6c863a19104ab9267fd1c40313fa4/aircrafttype/EC63,@PHIAirMed Helicopter
Medical,N308PH,EC35,A33E57,PHI Health,TRUE,,,2005,Eurocopter EC135-P2,,,https://flightaware.com/photos/view/3480174-f0706eab2125d2d1c91a73d611775cfe74f4a3ce/aircrafttype/EC35,,@PHIAirMed Helicopter
Medical,N324PH,EC35,A37E79,PHI Health,TRUE,,,2007,Eurocopter EC135-P2,,,https://twitter.com/markwclancy/status/1365801129192390657/photo/1,https://flightaware.com/photos/view/168017-32739ed7e53e4258e08cad529b14c213893a699c/aircrafttype/EC35,@PHIAirMed Helicopter
Medical,N329PH,EC35,A3910C,PHI Health,TRUE,,FirstCare 1,2006,Eurocopter EC135-P2,,,,https://flightaware.com/photos/view/269247-37f60049ad8fe5ea114c16e4670e1886a7a508cb/aircrafttype/EC13,@PHIAirMed Helicopter
Medical,N385PH,EC35,A46F2A,PHI Health,TRUE,,,2008,Eurocopter EC135-P2,,,,https://flightaware.com/photos/view/1039665-213e6701aef7d4157170aa3a0278a93374faf0f5/aircrafttype/EC35,@PHIAirMed Helicopter
Medical,N390PH,EC35,A48416,PHI Health,TRUE,CENTRA1,,2008,Eurocopter EC135-P2,,,seen on ADSB,,@PHIAirMed Helicopter
Medical,N427P,B407,A516E5,PHI Health,TRUE,,,1998,Bell 407,"Shannon Airport, Fredericksburg, VA",,https://twitter.com/Cupidwithabeard/status/1382084122487717891,https://flightaware.com/photos/view/8590579-fa4477007176812569657c7b796212fa55e522df/aircrafttype/HELI,@PHIAirMed Helicopter
Medical,N431P,B407,A5281A,PHI Health,TRUE,,,2008,Bell 407,,,https://twitter.com/1crazyarchitect/status/1331621819678404608,https://flightaware.com/photos/view/255732-073a842e8573c2251dd9b88617e4a5eb415a42d8/aircrafttype/B407,@PHIAirMed Helicopter
Medical,N304ME,EC35,A32F46,CenterEM: Stat MedEvac,TRUE,,,2007,Eurocopter MBB-BK 117 C-2,,,https://twitter.com/markwclancy/status/1333814159008468995/photo/1,https://flightaware.com/photos/view/8827053-f1f95af766a8caecb71ab5a10934e0a34f48f750/aircrafttype/EC14,
Medical,N307ME,EC45,A33A6B,CenterEM: Stat MedEvac,TRUE,,,,,,,,,
Medical,N442ME,EC35,A55323,CenterEM: Stat MedEvac,TRUE,,,2011,Eurocopter EC135-T2+,,,https://twitter.com/JoannaDBare/status/1383897799595495425,https://flightaware.com/photos/view/9334036-783a3fe793096365d0ec1ee59b502bc169bc652f/aircrafttype/EC35,
Medical,N507ME,EC45,A65509,CenterEM: Stat MedEvac,TRUE,,,2012,Eurocopter MBB-BK 117 C-2,,,https://twitter.com/holy_itsViper/status/1356697225305477120/photo/1,https://flightaware.com/photos/view/6093217-0d7c25c544d69f2e050c5a9dcbdd69b6a1bb4dc4/aircrafttype/EC35,
Medical,N522ME,EC45,A69174,CenterEM: Johns Hopkins Lifeline,TRUE,,,2012,Eurocopter MBB-BK 117 C-2,,,https://twitter.com/1crazyarchitect/status/1365066750535041024/photo/1,https://flightaware.com/photos/view/284228-8666782ea145c7bb4892a7e916a834f6a1cffaeb/aircrafttype/EC35,
Medical,N87ME,EC45,ABF515,CenterEM: Children's National SkyBear,TRUE,,,2013,Eurocopter MBB-BK 117 C-2,Children's National Hospital,,https://twitter.com/holy_itsViper/status/1365365839386574848/photo/1,https://flightaware.com/photos/view/10005416-7bc24627190ee2f6fbb2b4a2cdc3956cf2d8b8d4/aircrafttype/EC45,
Medical,N135WL,EC35,A08FC3,Med-Trans: Carilion Clinic Life Guard,TRUE,,,2012,Eurocopter EC135-P2+,,,https://twitter.com/markwclancy/status/1322238739691802635/photo/1,https://flightaware.com/photos/view/4452105-f89e5936cfab06d2ef706e10c6c9ccd83ed1ad2b/aircrafttype/EC35,
Medical,N135NK,EC35,A08EFA,Air Methods: VCUHealth,TRUE,,,2006,Eurocopter EC135-P2+,,,https://twitter.com/markwclancy/status/1351274112661020678/photo/1,https://flightaware.com/photos/view/12452160-64595af0ae60d9f79fc21be978c18e274d8cf871/aircrafttype/EC13,
Medical,N138HN,EC35,A099A5,Peoples Capital: HealthNet Aeromedical,TRUE,HealthNet8,,2012,Eurocopter EC135-P2+,,,https://twitter.com/markwclancy/status/1358909946025361409,https://flightaware.com/photos/view/9334036-89f99b710de963261f0ed2cbc017ee3ac9b51ef4/aircrafttype/EC35,
Medical,N660AE,B407,A8B43E,Air Evac Lifeteam,TRUE,,,2012,Bell 407,,,seen on ADSB,https://flightaware.com/photos/view/12263173-5b7b84aab95b184c4353efdd358dfc39db63991d/aircrafttype/B407,
Medical,N531LN,EC35,A6B52B,LifeNet,TRUE,,,2006,Eurocopter EC135-P2+,,Crashed near Philly in January 2022 :(,seen on ADSB,https://flightaware.com/photos/view/9334036-8f752f275e11424d90d0d58b96a72f01d7bab6bf/aircrafttype/EC35,
Medical,N145NG,EC45,A0B676,Sentara Healthcare,TRUE,,Nightingale,2010,MBB BK117,Sentara Norfolk General Hospital,,seen on ADSB,https://flightaware.com/photos/view/8770027-5424ae80183d76a3471a58d0c3b85d98fd52d979/aircrafttype/EC45,
Medical,N705MT,B407,A96846,HCA VA Air Care Eagle,TRUE,,,2013,Bell 407,Richmond Exec - Chesterfield County,,seen on ADSB,https://flightaware.com/photos/view/1461490-3c6199d19371e84d86bcc5269b79e790f70518e0/aircrafttype/B407,
Medical,N5UV,A109E,A63714,RECTOR AND VISITORS OF THE UNIVERSITY OF VIRGINIA,TRUE,,Pegasus,,AGUSTA SPA A109E,"U Virginia Medical Center, Charlottesville",,seen on ADSB,https://flightaware.com/photos/view/41543-139060ffc7da49952025836c2775a36f51e4af80/aircrafttype/A109,
Medical,N912CC,BK117,AC9E4E,Christiana Care/Air Methods Medical ,TRUE,,,,,,,medevacwhi64.png,,
,,,,,,,,,,,,,,
News,N111TV,R66,A031A7,FOX5/ABC7/WUSA,TRUE,,,2019,Robinson R66,"Ft Meade, MD",,,,
News,N611TV,R66,A7F432,FOX5/ABC7/WUSA backup,TRUE,,,,Robinson R66,,,,,
News,N991TV,R44,ADD817,same owner as N111TV Fox/ABC/CBS,TRUE,,,,,,,,,
News,N98CL,B06,ADA908,NBC Chopper 4,TRUE,,,2005,Bell 206-L-4,"Ft Meade, MD",,https://twitter.com/markwclancy/status/1331346980174487558/photo/1,,
News,N9QD,B06,AC6BDC,Chopper 1 News,TRUE,,,1994,Bell 206B,"Ft Meade, MD",,,,
,,,,,,,,,,,,,,
Film,N355ER,AS50,A3F7D4,Elite Rotorcraft LLC,,,,,,,,,,
,,,,,,,,,,,,,,
DoE,N411DE,B412,A4D827,DoE radiation sensing,TRUE,,,1991,Bell 412-HP,Joint Base Andrews,,https://twitter.com/SkyCirclesDC/status/1275882998433382400/photo/2,https://flightaware.com/photos/view/8759250-c06389b76d2d7ebbb884d4091b44e3456ab4bc1b/aircrafttype/B412,
DoE,N412DE,B412,A4DBDE,DoE radiation sensing,TRUE,,Energy 12,1992,Bell 412-HP,Joint Base Andrews,,https://twitter.com/1crazyarchitect/status/1323332833386135552,https://flightaware.com/photos/view/312439-50142167fb602e5e7e7e4b7d8a92eaa47f4784f1/aircrafttype/BELL,
,,,,,,,,,,,,,,
EPA?,N894HA,B06,,,,,,,EPA Helicopter,,,https://blog.epa.gov/tag/helicopter-monitoring-program/,,
,,,,,,,,,,,,,,
DoJ?,N941JV,B407,,,,,,,US Department of Justice Helicopter (unconfirmed),,,,,
,,,,,,,,,,,,,,
USDA,N5187Y,H500,A6828B,USDA APHIS Wildlife Services,TRUE,,,,McDonnell-Douglas MH-6-B,,,Seen on ADSB,https://flightaware.com/photos/view/7065800-ed9a8d669ff970911d7a8bd7140ffddd3dfc7fd2/aircrafttype/H500,
,,,,,,,,,,,,,,
Private,N9233F,H500,ACCC16,"Bussman Aviation, aerial survey",TRUE,,,1975,Hughes 369HS,,,https://twitter.com/holy_itsViper/status/1374031290987651086,,
Private,N503W,B06,A64709,L&T Aviation Aerial Imaging,TRUE,,,,GV Air Inc Aerial Imaging Helicopter,,does link / details sync up with registration?,http://www.jsfirm.com/GV+Air+%2F+Vexcel+Imaging+Inc/19842/companyprofile,,
Private,N223KR,A139,A1ED17,seemingly private,TRUE,,,2013,AgustaWestland 139,,,https://twitter.com/1crazyarchitect/status/1335980790950268931,,
Private,N734HH,H500,A9DA9E ,"seemingly private, utility survey?",TRUE,,,1980,McDonnell Douglas 369D,,,seen on ADSB,https://flightaware.com/photos/view/8570953-c0ae5442907f5653a2f4a92bef34153d825cf4fe/aircrafttype/H500,
Private,N844VB,R44,AB9092,seemingly private,TRUE,,,2017,Robinson R44,,,,https://flightaware.com/photos/view/11781437-ecb45a4f36182419cd7c0e2b4f093113f84419d9/aircrafttype/R44I,
Private,N9CP,A139,AC6ABA,seemingly private,TRUE,,,2019 Agust,AgustaWestland 139,,,seen on ADSB,,
Private,N20LA,R44,A190A5,PR baseball team (Equipo Nacional),TRUE,,,2007,Robinson R44,"Ft Meade, MD",,seen on ADSB,https://flightaware.com/photos/view/6505391-e0cb644900bfb56320cb3614f860da6cf169078d/aircrafttype/R44,
Private,N85SK,EC130,ABA699,EC 130 LLC,TRUE,,,2012,Eurocopter EC130 B4,Leesburg Executive Airport,,Seen on ADSB; tracking blocked on FlightAware,,
Private,N1225D,EN28,A05E2B,private,TRUE,,,2011,Enstrom EN28,Potomac Airfield Airport,,seen on ADSB,,
,,,,,,,,,,,,,,
DHS,N844LC,S76,AB8FB2,DHS/CBP,TRUE,TROY 196,,1987,Sikorsky S-76B,Manassas Regional Airport,,https://twitter.com/districtheli/status/1385245239712100358/photo/1,https://www.thedrive.com/the-war-zone/33136/the-curious-case-of-customs-and-border-protections-mysterious-unmarked-s-76-helicopters,
DHS,N159CM,S76,A0EBDC,DHS/CBP,TRUE,TROY 194,,1987,Sikorsky S-76B,Manassas Regional Airport,,https://twitter.com/1crazyarchitect/status/1362113923361755141/photo/1,,Homeland Security/Customs and Border Patrol Helicopter
DHS,N269FL,S76,A2A0F4,DHS/CBP,TRUE,TROY,,1987,Sikorsky S-76B,Manassas Regional Airport,,https://twitter.com/lgnsnd/status/1319705054346203136/photo/1,https://flightaware.com/photos/view/432042-ed53148f107955f416d1eb9fa9adc2c481cafd54/aircrafttype/S76,
,,,,,,,,,,,,,,
DHS,N180Q,AS50,A1420A,DHS black/white/gray,TRUE,TROY 220,,2020,Eurocopter AS350-B3,,,https://twitter.com/districtheli/status/1384886125207171072/photo/1,,Homeland Security/Customs and Border Patrol
DHS,N322V,AS50,A37799,DHS blue/white/gray,TRUE,TROY 217,,2019,Eurocopter AS350-B3,,,https://twitter.com/holy_itsViper/status/1351347775175348224/photo/1,,Homeland Security/Customs and Border Patrol
DHS,N534P,AS50,A6C08E,DHS red/white,TRUE,TROY 171,,2018,Eurocopter AS350-B3,,,https://twitter.com/holy_itsViper/status/1351378410120114178,https://flightaware.com/photos/view/258061-cd3749b58d6f3e524fd1ea17fb86be1e7131b33c/aircrafttype/PA46,Homeland Security/Customs and Border Patrol
DHS,N927M,AS50,ACD93E,DHS black/white/gold,TRUE,TROY 218,,2020,Eurocopter AS350-B3,,,https://twitter.com/districtheli/status/1384192335211233283/photo/1,,Homeland Security/Customs and Border Patrol
DHS,N6974A,AS50,A9479C,DHS blue stripe,TRUE,TROY,,2012,Eurocopter AS350-B3,,,https://twitter.com/holy_itsViper/status/1351377817888550912/photo/1,https://flightaware.com/photos/view/12064501-022fa4b221fac74acd38922083830f10e066c96a/aircrafttype/EURO,Homeland Security/Customs and Border Patrol
DHS,N6977A,AS50,A94805,DHS blue stripe,TRUE,TROY,,2012,Eurocopter AS350-B3,,,https://twitter.com/ClayHaga7/status/903354535531483143/photo/1,https://flightaware.com/photos/view/3776636-8b9cf0f0a0e9d43675f7f2009fc894bf12632773/aircrafttype/AS50,Homeland Security/Customs and Border Patrol Helicopter
DHS/CBP,23321,H60,AE6987,CBP,,,79-23321,,Blackhawk UH-60A,,,https://twitter.com/holy_itsViper/status/1352064969806934019,,
DHS/CBP,23344,H60,AE698D,CBP,,,79-23344,,Blackhawk UH-60A,,,https://twitter.com/holy_itsViper/status/1352064969806934019,,
FBI,20715,H60,AE5B49,FBI/HRT,,YETI165?,14-20715,2014,Blackhawk UH-60M,,,https://twitter.com/markwclancy/status/1360289025551179776,,
FBI,N324FD,B429,A37DAD,FBI grey,TRUE,Yeti 166,,2018,Bell 429 GlobalRanger,,,https://twitter.com/Zwackleby/status/1379156566302154758/photo/1,,
FBI,N100WG,B429,A006AF,FBI blue,TRUE,Yeti 167,,2019,Bell 429 GlobalRanger,,,https://twitter.com/1crazyarchitect/status/1372978301376008205/photo/1,,
FBI,N983SV,B429,ADB7ED,FBI red,TRUE,Yeti 168,,2018,Bell 429 GlobalRanger,,,https://twitter.com/Zwackleby/status/1379156566302154758/photo/11,,
FBI,N988FY,B429,ADC970,FBI black +  baby blue stripes,TRUE,yeti 170,,,,,,https://twitter.com/HelicoptersofDC/status/1613954539756949507?s=20&t=-3dbOa15Q8jDEhRx-K5fcA,,
,,,,,,,,,,,,,,
,,,,,,,,,,,,,,
USMC,,VH3D,,USMC HMX-1,,,,,Sea King,Quantico/JBAB,,https://twitter.com/holy_itsViper/status/1384277727457415168,"HMX1 tail numbers are visible, but very small",
USMC,159354,VH3D,,USMC HMX-1,,,,,Sea King,Quantico/JBAB,,https://twitter.com/1crazyarchitect/status/1387791527846498306/photo/1,"wikipedia: As of 2015, HMX-1 has 12 Sikorsky VH-3D of 1960s' vintage, 8 Sikorsky VH-60N from the 80s/90s era and 12 Bell-Boeing MV-22 Ospreys",
USMC,159359,VH3D,,USMC HMX-1,,,61-733,,Sea King,Quantico/JBAB,,https://twitter.com/districtheli/status/1384189611644055556/photo/1,wikipedia: The VH-3D is capable of transporting 14 passengers while the VH-60N seats 11.,
USMC,,VH60N,,USMC HMX-1,,NIGHTHAWK,,,Whitehawk,Quantico/JBAB,,https://twitter.com/holy_itsViper/status/1367581295950331905/photo/1,,
USMC,,UH60N,,USMC HMX-1,,,,,Green Top,Quantico/JBAB,,https://twitter.com/districtheli/status/1384192181519360010/photo/1,https://www.thedrive.com/the-war-zone/39191/a-rare-glimpse-of-the-lone-uh-60n-that-belongs-to-the-squadron-that-flies-marine-one,
USMC,,VH92A,,USMC HMX-1,,,,,,Quantico/JBAB,,https://twitter.com/holy_itsViper/status/1383121857457586177/photo/1,,
USMC,,V22,,USMC HMX-1,,,,,MV-22B Osprey,Quantico/JBAB,,https://twitter.com/1crazyarchitect/status/1383182429180035078/photo/2,MV-22 procurement link to equip 4 aircraft with VIP seat covers (24 seats) and cosmetics ,
,,,,,,,,,,,,,,
Army,72054,UH72,AE1F45,,,SENTRY 1,08-72054,2008,Eurocopter UH-72A Lakota,,,,,
Army,72055,UH72,AE1F46,,,,08-72055,2008,Eurocopter UH-72A Lakota,,,,,
Army,72056,UH72,AE1F47,,,,08-72056,2008,Eurocopter UH-72A Lakota,,,https://twitter.com/fergindc/status/1385314529102422016/photo/1,,
Army,72057,UH72,AE1F48,,,,08-72057,2008,Eurocopter UH-72A Lakota,,,https://twitter.com/1crazyarchitect/status/1335644358339665920/photo/1,,
Army,72212,UH72,AE1FE3,DCNG rotor wash incident,,,11-72212,2011,Eurocopter UH-72A Lakota,,,https://twitter.com/holy_itsViper/status/1381975195402047495,,DC National Guard Medevac Helicopter that used rotor wash on peaceful protesters June 1st 2020
Army,72214,UH72,AE1FE5,DCNG,,,11-72214,2011,Eurocopter UH-72A Lakota,,,https://twitter.com/districtheli/status/1384512416994758658/photo/1,,
,,,,,,,,,,,,,,
Army,,H60,,Army 12th Avn BN,,,,,Gold Top,"Ft Belvoir, VA",,https://twitter.com/1crazyarchitect/status/1381998756518899712/photo/1,Gold Top (and other serials here: http://www.joebaugher.com/usaf_serials/2009.html,
Army,,H60,,Army 12th Avn BN,,,,,Gold Top,"Ft Belvoir, VA",,https://twitter.com/1crazyarchitect/status/1359258491903496197/photo/1,"09-20193, -20197, -20202, -20216",
Army,,H60,,Army 12th Avn BN,,,,,Gold Top,"Ft Belvoir, VA",,https://twitter.com/1crazyarchitect/status/1325904038253170688,https://foxtrotalpha.jalopnik.com/these-elite-military-helicopter-units-fly-washingtons-p-1704260996,
Army,20197,H60,,Army 12th Avn BN,,,09-20197,,Gold Top VH-60M,"Ft Belvoir, VA",,https://twitter.com/holy_itsViper/status/1381998678513176576/photo/1,,
,,,,,,,,,,,,,,
Army,23013,H60,AE21C1,Army,,,78-23013,,Blackhawk UH-60B,,,seen on adsb,,
Army,24412,H60,AE0A08,Army,,,85-24412,,Blackhawk UH-60A,,,https://twitter.com/districtheli/status/1384530472273944576/photo/2,,
Army,24526,H60,,Army,,,86-24526,,Blackhawk UH-60A,,,https://twitter.com/districtheli/status/1384530472273944576/photo/4,,
Army,__829,H60,,,,,,,Blackhawk,,,https://twitter.com/1crazyarchitect/status/1384277907439185922/photo/1,,
Army,__479,H60,,,,,,,Blackhawk,,,https://twitter.com/holy_itsViper/status/1372239514765291521/photo/2,"H60 tail numbers often have the first 2 digits in black, making them hard to see",
Army,__748,H60,,,,,,,Blackhawk,,,https://twitter.com/holy_itsViper/status/1369415219844374530/photo/1,,
Army,__500,H60,,,,,,,Blackhawk,,,https://twitter.com/markwclancy/status/1329888501689618432/photo/1,,
Army,2_636,H60,,,,,,,Blackhawk,,,https://twitter.com/holy_itsViper/status/1365343997284282368/photo/1,,
Army,__0_3,H60,,,,,,,Blackhawk,,,https://twitter.com/1crazyarchitect/status/1372235319471448066/photo/1,,
Army?,26500,H60,AE0C6C,,,,93-26500,1993,Blackhawk UH-60L,,,https://twitter.com/1crazyarchitect/status/1325904693223170049/photo/1,,
Army?,26837,H60,AE0AB8,,,,99-26837,1999,Blackhawk UH-60L,,,,,
Army,26861,H60,,Army 12th Avn BN,,,00-26861,2000,Blackhawk UH-60L,,,https://twitter.com/1crazyarchitect/status/1359544395519963138/photo/1,,
Army?,26954,H60,AE213F,,,,02-26954,2002,Blackhawk UH-60L,,,https://twitter.com/markwclancy/status/1346535804940808192/photo/1,,
Army?,20173,H60,,,,,08-20173,2008,Blackhawk UH-60M,,,https://twitter.com/holy_itsViper/status/1379481294233538566,,
,,,,,,,,,,,,,,
,,,,,,,,,,,,,,
USAF,18277,UH1N,AE624F,USAF 1HS,,MUSEL 10,71-58277,1971,"Huey, Iroquois",FedEx Field,,https://twitter.com/1crazyarchitect/status/1382014633083551749/photo/1,https://twitter.com/markwclancy/status/1370402123624636417/photo/1,
USAF,2_5_2,UH1N,,"USAF 1HS, LtCol James Rankin",,,,,"Huey, Iroquois",FedEx Field,,https://twitter.com/1crazyarchitect/status/1384551165958963202/photo/1,,
USAF,49188,UH1N,,"USAF 1HS, LtCol James Rankin",,,,,"Huey, Iroquois",FedEx Field,,https://twitter.com/1crazyarchitect/status/1385064389016014849/photo/1,https://foxtrotalpha.jalopnik.com/these-elite-military-helicopter-units-fly-washingtons-p-1704260996,
USAF,96604,UH1N,,USAF 1HS LtCol William? Cap ?,,,,,"Huey, Iroquois",FedEx Field,,https://twitter.com/holy_itsViper/status/1367864670321786881/photo/1,,
USAF,96630,UH1N,,USAF 1HS,,,,,"Huey, Iroquois",FedEx Field,,https://twitter.com/1crazyarchitect/status/1333137411719704578/photo/3,,
USAF,96637,UH1N,AE6235,USAF 1HS,,MUSEL 18,69-6637,1969,"Huey, Iroquois",FedEx Field,,https://twitter.com/1crazyarchitect/status/1371894081262137345/photo/1,,
USAF,96655,UH1N,,USAF 1HS Col Anne-Marie Contreras,,,,,"Huey, Iroquois",FedEx Field,,https://twitter.com/holy_itsViper/status/1374019689811169280/photo/1,,
USAF,96656,UH1N,,USAF 1HS,,,,,"Huey, Iroquois",FedEx Field,,https://twitter.com/1crazyarchitect/status/1379902067632930822/photo/1,,
USAF,96657,UH1N,,USAF 1HS Lt Col Thomas Shea? Maj Wyeth Lind..?,,,,,"Huey, Iroquois",FedEx Field,,https://twitter.com/holy_itsViper/status/1367972845305929730,,
USAF,96658,UH1N,,USAF 1HS,,,,,"Huey, Iroquois",FedEx Field,,https://twitter.com/holy_itsViper/status/1370504679424200706,,
USAF,96661,UH1N,,"USAF 1HS, Sqdn Cmdr LtCol James Rankin",,,,,CO heritage livery,FedEx Field,,https://twitter.com/holy_itsViper/status/1370439290409398284,,
USAF,96667,UH1N,,USAF 1HS,,,,,"Huey, Iroquois",FedEx Field,,https://twitter.com/1crazyarchitect/status/1384536603633328128/photo/1,,
USAF,96668,UH1N,,USAF 1HS,,,,,"Huey, Iroquois",FedEx Field,,https://twitter.com/holy_itsViper/status/1385622061960376326/photo/1,,
USAF,96669,UH1N,,"USAF 1HS ##th Wing Command Chief, CMSgt? ?",,,,,"Huey, Iroquois",FedEx Field,,https://twitter.com/districtheli/status/1385260427727282178/photo/1,,
USAF,97536,UH1N,,USAF 1HS,,,,,"Huey, Iroquois",FedEx Field,,https://twitter.com/1crazyarchitect/status/1334928237466673154,,
USAF,97537,UH1N,,USAF 1HS,,,,,"Huey, Iroquois",FedEx Field,,https://twitter.com/1crazyarchitect/status/1369709749571383308/photo/1,,
USAF,97538,UH1N,,USAF 1HS ? TSgt Matthew ? Crew Chief Jeffrey ?,,,,,"Huey, Iroquois",FedEx Field,,https://twitter.com/holy_itsViper/status/1372951234446032900,,
,MUSEL18,UH1N,,,,,,,,,,,https://helicoptersofdc.com/helicopters/6-us-air-force-1st-helicopter-squadron/,Air Force 1st Squadron Helicopter
USCG,6553,MH65,,CGAS Atlantic City,,Blackjack,,,Dolphin MH-65D,DCA Terminal 1,,https://twitter.com/holy_itsViper/status/1372315129262538752/photo/1,,
USCG,6560,MH65,,CGAS Atlantic City,,Blackjack,,,Dolphin MH-65D,DCA Terminal 1,,https://twitter.com/1crazyarchitect/status/1354805281989873664/photo/1,https://flightaware.com/photos/view/2921487-b0a5f3aec404118b5b59a9cdde29e4ad7e00c5a4/aircrafttype/S65C,
USCG,6563,MH65,,CGAS Atlantic City,,Blackjack,,,Dolphin MH-65D,DCA Terminal 1,,https://twitter.com/holy_itsViper/status/1386051714525057033/photo/1,https://flightaware.com/photos/view/113873-ab134c9aa421b618e999ecce2916b0aceea9e9f7/aircrafttype/HH65,
USCG,6579,MH65,,CGAS Atlantic City,,Blackjack,,,Dolphin MH-65D,DCA Terminal 1,,https://twitter.com/holy_itsViper/status/1357727158077120515/photo/1,https://flightaware.com/photos/view/113873-ab134c9aa421b618e999ecce2916b0aceea9e9f7/aircrafttype/HH65,
USCG,6588,MH65,,CGAS Atlantic City,,Blackjack,,,Dolphin MH-65D,DCA Terminal 1,,https://twitter.com/holy_itsViper/status/1385293995128115202/photo/1,,
USCG,6024,H60,,USCG,,,70-1706,,Jayhawk MH-60T,,,https://twitter.com/1crazyarchitect/status/1379797761047072768/photo/1,,
,74-59188,UH1,,,,,MUSEL 16,,,,,,,
,,,,,,,,,,,,,,
,11-72212,UH72,,,,,,,DC National Guard Medevac Helicopter that used rotor wash on peaceful protesters June 1st 2020,,,https://www.washingtonpost.com/graphics/2020/investigations/helicopter-protests-washington-dc-national-guard/,,
,,,,,,,,,,,,,,
,,,,,,,,,,,,,,
Medical,N811ME,EC35,,CenterEM: Stat MedEvac,,,,2015,EC-135T-2+,,Hex:  AB0E2B,,,
Army,11-72208,UH72,,US Army,,,,,UH-72 Lakota,,Hex:  AE1FDF,,,
Medical,N600LL,AS65,,Life Lion / Penn State / Milton Hershey Medical Center,,,,1987,1987 EUROCOPTER AS365N3,"Hmc Hangar Airport (Hershey, PA) 8PS5",,,,
Medical,N611LL,AS65,,Life Lion / Penn State / Milton Hershey Medical Center,,,,1994,1994 EUROCOPTER AS 365 N2 DAUPHIN,"Hmc Hangar Airport (Hershey, PA) 8PS5",,,,
Medical,N916LL,EC55,,Life Lion / Penn State / Milton Hershey Medical Center,,,,2011,2011 EUROCOPTER EC 155 B1,"Hmc Hangar Airport (Hershey, PA) 8PS5",,,,